INSERT INTO user (id, active, email, first_name, last_name, password, username)
VALUES
(1,  true,'alex@icloud.com', 'Alex', 'Johnson', '$2y$12$8uAjEFoHS2PKNOPihJlXN.FEdfewDnv.cDyXAgpSBuHCGhfwXBPOm', 'alexj'),
(2,  true,'john@gmail.com', 'John', 'Smith', '$2y$12$KXlqaRzRJg5CPlS.8YGC5uXxCGXqCjv3Jc21mGsv9.vQZ.I6On3FG', 'johns'),
(3,  false,'maria@gmail.com', 'Pamela', 'Kendall', '$2y$12$SRqpBKZvt.5IzTvzXsKSaePtF.YyeejlFXWoP5YHyfjuiWh/DMqFC', 'pamk'),
(4,  true, 'mark@gmail.com', 'Mark', 'Won', '$2y$12$UmLps77K2fd5/L1xeNfaa.0CcexTrfVowIREfaLmGIkwvbbIpvGZG', 'markw'),
(5,  false,'henry@hotmail.com','Henry', 'Cavill','$2y$12$Kk0by.Y4ON7r1q7W3LBO8OxNrIIIDr9A1qLnbqPdrOXCU9n/13uKS','henryc'),
(6,  true, 'jack@yahoo.com', 'Jack', 'Ryan','$2y$12$MnWYQ1W7XwY3IArzaL3W9uXPFl8tIWuUctqyg.0GDC7kwdiFqHdkm','jackr'),
(7,  true,'meena@yahoo.com','Meena','Pradhan','$2y$12$Lmg8l4zfJXECb1Cl4pK96uGMUL6VBPYmUBqJ2ZnoJsTHv.ahl2e72','meenap'),
(8,  true, 'zenab@hotmail.com','Rahman','Shams', '$2y$12$0VmTrq5gLDI6zYZMoBQkO.f5WMbFck/26UMKyD.pa/dMWYP.qAHzS','rahmas'),
(9,  false, 'derek@hotmail.com','Derek','Brian', '$2y$12$1r5INtVjk7hRcIuHVwpnp.R.ReaK22VafIkDmH/cJsSCjCcC4CUOG', 'derekb'),
(10, true, 'lina@gmail.com','Lina','Maria', '$2y$12$Z3uZrPQk3niNm3RP4CFJJOvfSxdkZN4B4Z1ugUQ81987RxEX0x.2W','linam'),
(11, true, 'riko@yahoo.com','Riko','Cecilio', '$2y$12$2wv6mzx0N6CafwcDuvCdluDDjlP1QoJCdNwOSzWo1HD880BfJf.Oq','riko'),
(12, false,'denis@yahoo.com','Deniss','Jacko', '$2y$12$k4ieRMXCiBm26cs4sqODy.0dXZLQACO6aIrZMLgu1JVXsplmgcbT2','denisj1234'),
(13, true, 'christopher@yahoo.com', 'Christopher', 'Nolan','$2y$12$XuQdV6w8EnHdNvT1crdpeu2aDjaPcov.bbtSGN3Jrd06Z6S8rLPoe','chrisn'),
(14, true, 'zilot@gmail.com', 'Zilot','Faridi','$2y$12$Gr46H3kaBv1/UYRQlMZI1uRaza7GrmTgKEyh8bdMlNEecrprrrVda','zilotf'),
(15, false,'jasper@gmail.com','Ian','Jasper','$2y$12$LZaUaPg9IjOi5iAA3owHS.sQtY7jqf4h0qUtaR.m8CPi2ov/C.Ztu','jasi'),
(16, true,'marika@gmail.com', 'Marika','Mostalika','$2y$12$/g4VnyeRN0Rd4dkxuXjGCuG5KeGPkkxqF6cDnpBLoTgcYmgBjp7NS','marika'),
(17, false,'mosh@yahoo,com','Mosh','Malik','$2y$12$0FEshvto180aH5IkDrBDUOAFR17uXq9uoBG8o6Q83r4sjSFjOrypW','moshmaa1'),
(18, true, 'ismail@gmail.com','Ismail','Shroff','$2y$12$j7yzBp6QFz/.4zovjeqWK./PNy7eXI6jNpqqlnTuwjt6t9AtP2TyS','ismails'),
(19, true, 'ajit@yahoo.com', 'Ajit','Malik','$2y$12$eSwFbGJmys4F2XzxSSHdxO6Q4fU0QwCyBYdqFr7nQwRcHSya6KZvS','ajitm'),
(20, false,'fria@yahoo.com', 'Fria','Brown','$2y$12$HbEiXWyTOIssNorzZnucjO0M6.zin2jOd6j26XRlsrzXeG.gOtvgu','friab'),
(21, false,'xylo@hotmail.com','Xylo','Wang','$2y$12$RS4a7ZV3D9EhshFQEPxpeukvAofFEft2CVI/D4R6YMkHXLiboaTnC','xylops'),
(22, true,'nazaz@yahoo.com','Nazaz','Mikail','$2y$12$fTpTRRnEH8nZIpLQya3TE.MgP6a1DvY1H0Vv3GWS7dXm/CjHvqFtG','nazazm'),
(23, true,'danny@yahoo.com','Danny','Denzongpa','$2y$12$.7rD7Wjqt0X/Mm1B9yJ04Of5aCvjpwW.dc7ykR88h3I//z3Hd7BPK','dannyd'),
(24, false,'tiger@yahoo.com','Tiger','Shroff','$2y$12$KxSHk2o7c1ZOikeCtGZbsOWdkQ7MAV2ZYNaxgamEX0rinANFq7Kha','tigers'),
(25, true,'jackie@gmail.com','Jackie','Shroff','$2y$12$.luipwrFnzupz9yjSnyzjexV1mmT2r1omZIOhevppaO4SUv3BKyKO','jacky'),
(26, false,'robert@gmail.com','Robert','Drowney','$2y$12$joiI/wdOgqJOl8qz21vUb.xEPWQWERyTcxrrRZJiH7AEwqFgv4j5G','robertd'),
(27, true,'chrise@yahoo.com','Chris','Ewans','$2y$12$Dgkp4/2sGKNDxKPiV/HZAurEX1EVf2r/0LBM11YlKSI.nc379lGZi','chrise'),
(28, false,'ewan@gmail.com','Ewan','McGeor','$2y$12$zZz6G1/JMIW.l7SaspuzkuadE27PhYoCgNjs6twoV/sCSGgjH71Tm','ewanm1212'),
(29, true,'daniel@gmail.com','Daniel','craig','$2y$12$MbbaSmpcMbg91sgRTF/XT.yw4LCv8aEaP6vWE0pLIcAf8HVNXNoem','daniel007'),
(30, true,'bond@yahoo.com','James','Bond','$2y$12$qJA6dEMG2tuhYwJF.vgMz.B4BW3wpL2OlhMmooQrRQFld0jrOJJfW','james#007'),
(31, false,'iron@gmail.com','Iron','Man','$2y$12$LjpN/4ArVKOTaC05SilplubKzyPjO7oK/i9q5Di0rAvt1304BXrCa','oronm@1223'),
(32, true,'webm@gmail.com','Mark','Web','$2y$12$G44vVLs/uT1hrIkwSEkooeyWtEOtTAgCRcLdG6UUWnJLtJRrCE78O','markw'),
(33, false,'mowgli@yahoo.com','Mowgli','Jen','$2y$12$MLHdz3x/HKgR1hYcsRMC2eI.X/HEe1NOHbm31XRkGSrH8oypJnO6K','mowglij'),
(34, true,'thanos@yahoo.com','Thanos','Alpha','$2y$12$Rvt5HuX2RxS.mkKzFKwhwedQInxOFoUG3oiYkVuImT8rBBBmKj8my','thanos1212'),
(35, true,'avenger@gmail.com','Avia','Marika','$2y$12$KJ.8Jt7csuuiT8z0bkazNOiNCXOg0JnDbPdywOwaBD.yMz5J8DmFy','avia1256');

INSERT INTO role (id, name)
VALUES
(1, 'ROLE_ADMIN'),
(2, 'ROLE_STUDENT'),
(3, 'ROLE_TEACHER');

INSERT INTO course (id, name)
VALUES
(2, 'Java for Beginners 1'),
(3, 'Python 2'),
(4, 'Java Advanced 5'),
(5, 'Python 3'),
(6, 'Python 4'),
(7, 'Python 5'),
(8, 'Python 6'),
(9, 'Python 7'),
(10, 'Java for Beginners 10'),
(12, 'Java for Beginners 11'),
(13, 'Java for Beginners 12'),
(14, 'Java for Beginners 13'),
(15, 'Java for Beginners 14'),
(17, 'Software Testing 2'),
(18, 'Software Testing 3'),
(19, 'Software Testing 4'),
(20, 'Software Testing 5'),
(21, 'JavaScript 1'),
(22, 'JavaScript 2'),
(23, 'JavaScript 3'),
(24, 'JavaScript 4'),
(26, 'Advanced Software Testing 1'),
(27, 'Advanced Software Testing 2'),
(28, 'Advanced Software Testing 3'),
(29, 'Advanced Software Testing 4'),
(30, 'Advanced Software Testing 5'),
(32, 'Java Advanced 1'),
(33, 'Java Advanced 2'),
(34, 'Java Advanced 3'),
(35, 'Java Advanced 4');

INSERT INTO user_roles (user_id, role_id)
VALUES
(1, 1),
(2, 2),
(3, 2),
(4, 2),
(5, 2),
(6, 2),
(7, 2),
(8, 2),
(9, 2),
(10,3),
(11,1),
(12,2),
(13,2),
(14,2),
(15,2),
(16,1),
(17,2),
(18,2),
(19,2),
(20,2),
(21,3),
(22,2),
(23,2),
(24,3),
(25,1),
(26,2),
(27,2),
(28,2),
(29,2),
(30,2),
(31,1),
(32,3),
(33,2),
(34,2),
(35,2);

INSERT INTO course_user (user_id, course_id)
VALUES
(1,2),
(1,3),
(1,4),
(1,5),
(1,6),
(1,7),
(1,8),
(1,9),
(2,2),
(2,12),
(2,13),
(2,14),
(2,15),
(2,17),
(2,18),
(3,19),
(3,20),
(3,21),
(3,22),
(3,23),
(3,24),
(3,26),
(4,27),
(4,28),
(4,29),
(4,30),
(4,32),
(5,33),
(5,34),
(5,35);

INSERT INTO topic (id, name, course_id, teacher_id)
VALUES
(1, 'Java Fundamentals', 2, 10),
(2, 'Python Fundamentals', 3, 10),
(3, 'JUnit', 2, 10),
(4, 'Python Fundamentals', 3, 10),
(5, 'Spring Framework', 2, 10),
(6, 'Java Advanced',2, 24),
(7, 'Python Fundamentals',3,32),
(8, 'Python Basics',3,32),
(9, 'Python Basics',3,32),
(10, 'Python Basics',3,32),
(11, 'Java Basics',2,21),
(12, 'Java Fundamentals',2,21),
(14, 'Java Fundamentals',2,21),
(15, 'Java Fundamentals',2,21),
(16, 'Java Fundamentals',2,21),
(17, 'JUnit',2,21),
(18, 'Mockito',2,21),
(19, 'Mockito',2,21),
(20, 'Mockito',2,21),
(21, 'Introduction to JavaScript',2,24),
(22, 'Introduction to JavaScript',2,24),
(23, 'Introduction to JavaScript',2,24),
(24, 'Introduction to JavaScript',2,24),
(25, 'Java Advance Fundamentals',2,21),
(26, 'Java Advance Fundamentals',2,21),
(27, 'Java Advance Fundamentals',2,21),
(28, 'Java Advance Fundamentals',2,21),
(29, 'Java Advance Fundamentals',2,21),
(30, 'Java Advanced',2,24),
(31, 'Java Advanced',2,24),
(32, 'Java Advanced',2,24);



INSERT INTO lesson (id, end_time, start_time, subject, topic_id)
VALUES
(1, '2020-08-01 12:30:00', '2020-08-01 10:30:00', 'Introduction to Java', 1),
(2, '2020-08-04 15:00:00', '2020-08-04 10:00:00', 'Hello world project', 1),
(3, '2020-08-07 15:00:00', '2020-08-07 10:00:00', 'Database integration Python', 2),
(4, '2020-08-12 15:00:00', '2020-08-12 10:00:00', 'Using Os & Sys', 2),
(5, '2020-08-15 15:00:00', '2020-08-15 10:00:00', 'Environment Setup', 3),
(6, '2020-08-19 15:00:00', '2020-08-19 10:00:00', 'Using Assertion', 3),
(7, '2020-08-23 15:00:00', '2020-08-23 10:00:00', 'Spring Core', 5),
(8, '2020-08-28 15:00:00', '2020-08-28 10:00:00', 'Spring Annotation', 5),
(9, '2020-09-02 15:00:00', '2020-09-02 10:00:00', 'Slicing', 5),
(10, '2020-09-05 15:00:00','2020-09-05 10:00:00', 'Dictionaries & Set', 6),
(11, '2020-09-09 15:00:00', '2020-09-09 10:00:00', 'Slicing', 6),
(12, '2020-09-13 15:00:00','2020-09-13 10:00:00', 'Dictionaries & Set', 11),
(13, '2020-09-18 15:00:00', '2020-09-18 10:00:00', 'Database integration Python', 4),
(14, '2020-09-23 15:00:00', '2020-09-23 10:00:00', 'Using Os & Sys', 11),
(15, '2020-09-27 15:00:00', '2020-09-27 10:00:00', 'Using the Python Shell', 4),
(16, '2020-10-01 15:00:00', '2020-10-01 10:00:00', 'Copying Structures', 11),
(17, '2020-10-05 15:00:00', '2020-10-05 10:00:00', 'Using the Python Shell', 3),
(18, '2020-10-09 15:00:00', '2020-10-09 10:00:00', 'Copying Structures', 11),
(19, '2020-10-13 15:00:00', '2020-10-13 10:00:00', 'Encapsulation', 12),
(20, '2020-10-18 15:00:00', '2020-10-18 10:00:00', 'Composition', 12);
